{"count":1,"self":2454.4038912,"total":33913.8154531,"children":{"AgentSendState":{"count":1920534,"self":287.5335424,"total":16439.7676292,"children":{"CollectObservations":{"count":3841184,"self":28.721398399999998,"total":28.721397099999997,"children":null},"CollectDiscreteActionMasks":{"count":3841184,"self":26.2336384,"total":26.2336387,"children":null},"AgentInfo.ToProto":{"count":3841184,"self":106.67031039999999,"total":16097.279045399999,"children":{"GenerateSensorData":{"count":3841184,"self":243.74371839999998,"total":15990.6087319,"children":{"CameraSensor.GetCompressedObservation":{"count":3841184,"self":15746.8655616,"total":15746.8650157,"children":null}}}}}}},"DecideAction":{"count":1920534,"self":14862.3917056,"total":14862.392154899999,"children":null},"AgentAct":{"count":1920534,"self":136.8799616,"total":157.2487951,"children":{"AgentInfo.ToProto":{"count":4304,"self":0.12565669999999998,"total":20.3688374,"children":{"GenerateSensorData":{"count":4304,"self":0.2448553,"total":20.2431807,"children":{"CameraSensor.GetCompressedObservation":{"count":4304,"self":19.9983248,"total":19.9983254,"children":null}}}}}}}},"gauges":{"DoomCubeAI.CumulativeReward":{"count":4304,"max":1,"min":-1,"runningAverage":-2.867106E-10,"value":-1,"weightedAverage":-0.142857134}},"metadata":{"timer_format_version":"0.1.0","start_time_seconds":"1589845451","unity_version":"2019.3.13f1","command_line_arguments":"C:\\Program Files\\Unity\\Hub\\Editor\\2019.3.13f1\\Editor\\Unity.exe -projectpath C:\/Users\/jerne\/doomcubeenv -useHub -hubIPC -cloudEnvironment production -hubSessionId 1f0e4ba0-9952-11ea-a41c-5d06c49c609e -accessToken O3pB3hP6hIFpVDVuZljEhaWin9vRuzp0_PIq630jgR4006f","communication_protocol_version":"1.0.0","com.unity.ml-agents_version":"1.0.0-preview","scene_name":"DoomCubeScene","end_time_seconds":"1589879365"}}